Accession,Residue,BepiPred-3.0 score,BepiPred-3.0 linear epitope score
A2T3T0,M,0.07910414040088654, 0.06011512792772717
A2T3T0,D,0.14395318925380707, 0.07258018768495983
A2T3T0,V,0.09610230475664139, 0.07976904925372866
A2T3T0,L,0.0573047399520874, 0.08767169548405541
A2T3T0,Y,0.16457177698612213, 0.10549940334426032
A2T3T0,S,0.112185537815094, 0.10597806672255199
A2T3T0,L,0.06469975411891937, 0.09500509376327197
A2T3T0,S,0.07112381607294083, 0.0986514004568259
A2T3T0,K,0.16044937074184418, 0.10643112121356858
A2T3T0,T,0.08341211080551147, 0.09352488194902737
A2T3T0,L,0.04519643262028694, 0.09586287414034207
A2T3T0,K,0.1289190649986267, 0.10625393233365482
A2T3T0,D,0.1273222267627716, 0.11143125221133232
A2T3T0,A,0.04841562360525131, 0.10189190217190319
A2T3T0,R,0.13322746753692627, 0.10682375273770756
A2T3T0,D,0.15821927785873413, 0.12187844349278344
A2T3T0,K,0.11771969497203827, 0.12283209131823646
A2T3T0,I,0.07459522038698196, 0.12762881484296587
A2T3T0,V,0.12779876589775085, 0.1375982587536176
A2T3T0,E,0.18068864941596985, 0.14426441904571322
A2T3T0,G,0.13750189542770386, 0.14499957942300373
A2T3T0,T,0.1704927384853363, 0.14688712937964332
A2T3T0,L,0.13814061880111694, 0.14710337585873073
A2T3T0,Y,0.19322291016578674, 0.1492682761616177
A2T3T0,S,0.16483572125434875, 0.14724608262379965
A2T3T0,N,0.13470764458179474, 0.13950195660193762
A2T3T0,V,0.07654143869876862, 0.13254844480090672
A2T3T0,S,0.14728286862373352, 0.13881790969106886
A2T3T0,D,0.1624889075756073, 0.13166398141119215
A2T3T0,L,0.06780476123094559, 0.12024937984016207
A2T3T0,I,0.1079111322760582, 0.12275473028421402
A2T3T0,Q,0.1945658028125763, 0.13669759780168533
A2T3T0,Q,0.12883755564689636, 0.13135487503475612
A2T3T0,F,0.06210430711507797, 0.12614445471101338
A2T3T0,N,0.15725579857826233, 0.13889745705657536
A2T3T0,Q,0.20202724635601044, 0.1474952126542727
A2T3T0,M,0.0991983637213707, 0.13792050215933058
A2T3T0,I,0.11559512466192245, 0.14574689004156324
A2T3T0,I,0.18258178234100342, 0.15893897496991688
A2T3T0,T,0.18529093265533447, 0.1662090462115076
A2T3T0,M,0.10839340835809708, 0.16699255092276466
A2T3T0,N,0.19927504658699036, 0.1760864175028271
A2T3T0,G,0.18083307147026062, 0.18933692822853723
A2T3T0,N,0.22268643975257874, 0.19364411549435723
A2T3T0,E,0.20907878875732422, 0.19692500680685043
A2T3T0,F,0.18104316294193268, 0.21208312776353624
A2T3T0,Q,0.2348497211933136, 0.21346284449100494
A2T3T0,T,0.22134646773338318, 0.21584261457125345
A2T3T0,G,0.21481895446777344, 0.22082683775160047
A2T3T0,G,0.24481649696826935, 0.21789960066477457
A2T3T0,I,0.21169249713420868, 0.22071024609936607
A2T3T0,G,0.20225100219249725, 0.21545156008667415
A2T3T0,N,0.2675444483757019, 0.2212764604224099
A2T3T0,L,0.1827336549758911, 0.22250594198703766
A2T3T0,P,0.20633897185325623, 0.2153765857219696
A2T3T0,I,0.1875215470790863, 0.21796035932170021
A2T3T0,R,0.2737705707550049, 0.21870925856961143
A2T3T0,N,0.22588428854942322, 0.21017963687578836
A2T3T0,W,0.18065229058265686, 0.21108387410640717
A2T3T0,N,0.23494645953178406, 0.2112948414352205
A2T3T0,F,0.20899109542369843, 0.21337742772367266
A2T3T0,N,0.19077785313129425, 0.19636280669106376
A2T3T0,F,0.19087179005146027, 0.19103464815351698
A2T3T0,G,0.2082376778125763, 0.19413999054167005
A2T3T0,L,0.20626482367515564, 0.18489821586343977
A2T3T0,L,0.12063898146152496, 0.17447308947642645
A2T3T0,G,0.17793086171150208, 0.17465846985578537
A2T3T0,T,0.20860037207603455, 0.17736395945151648
A2T3T0,T,0.1517704874277115, 0.16789621777004665
A2T3T0,L,0.11516495794057846, 0.1639113359981113
A2T3T0,L,0.1924462765455246, 0.16904682914415994
A2T3T0,N,0.21522119641304016, 0.16967490481005776
A2T3T0,L,0.12302800267934799, 0.160579984386762
A2T3T0,D,0.17040088772773743, 0.15786488188637626
A2T3T0,A,0.16685841977596283, 0.16961970842546886
A2T3T0,N,0.18358354270458221, 0.16255019191238615
A2T3T0,Y,0.12674608826637268, 0.14519564393493864
A2T3T0,V,0.1273345649242401, 0.15482072532176971
A2T3T0,E,0.2209583967924118, 0.1580717083480623
A2T3T0,T,0.12882062792778015, 0.14963110619121128
A2T3T0,A,0.05903026461601257, 0.1385979155699412
A2T3T0,R,0.20965373516082764, 0.14427621993753645
A2T3T0,N,0.19965973496437073, 0.14772319462564257
A2T3T0,T,0.09089300036430359, 0.13181649396816889
A2T3T0,I,0.08428482711315155, 0.13019860370291603
A2T3T0,D,0.17785082757472992, 0.14320509880781174
A2T3T0,Y,0.15835733711719513, 0.13446607771846983
A2T3T0,F,0.07779809087514877, 0.12061868111292522
A2T3T0,V,0.11425961554050446, 0.12780358062850106
A2T3T0,D,0.17608872056007385, 0.13928970528973472
A2T3T0,F,0.1310025453567505, 0.13227448778020012
A2T3T0,V,0.07503316551446915, 0.12499315126074685
A2T3T0,D,0.15555709600448608, 0.1298304804497295
A2T3T0,N,0.18765994906425476, 0.13523591972059673
A2T3T0,V,0.1147138699889183, 0.13092614793115193
A2T3T0,C,0.09282530844211578, 0.12402266677882937
A2T3T0,M,0.12133405357599258, 0.12836185677183998
A2T3T0,D,0.16290856897830963, 0.13745862328343922
A2T3T0,E,0.1373007744550705, 0.13425933238532808
A2T3T0,M,0.06887121498584747, 0.1303419214155939
A2T3T0,V,0.11408587545156479, 0.14108348141113916
A2T3T0,R,0.2374279946088791, 0.15687121782037947
A2T3T0,E,0.15886633098125458, 0.16301810575856102
A2T3T0,S,0.07945717126131058, 0.16707047323385874
A2T3T0,Q,0.18949934840202332, 0.18284098307291666
A2T3T0,R,0.2634236812591553, 0.1912371822529369
A2T3T0,N,0.21823056042194366, 0.182463133500682
A2T3T0,G,0.17377208173274994, 0.18587854587369496
A2T3T0,I,0.21080580353736877, 0.19744675192568037
A2T3T0,A,0.18965166807174683, 0.19734501176410252
A2T3T0,P,0.1584615558385849, 0.18274794022242227
A2T3T0,Q,0.18960504233837128, 0.1720619938439793
A2T3T0,S,0.18357102572917938, 0.17847081108225715
A2T3T0,D,0.18858368694782257, 0.17284434454308617
A2T3T0,S,0.1320500373840332, 0.1635007088383039
A2T3T0,L,0.12205704301595688, 0.15976063327656853
A2T3T0,R,0.23145143687725067, 0.1539751398894522
A2T3T0,K,0.1601676046848297, 0.14848675413264167
A2T3T0,L,0.10555894672870636, 0.14543738216161728
A2T3T0,S,0.12480087578296661, 0.14629346380631128
A2T3T0,A,0.13753560185432434, 0.1523208866516749
A2T3T0,I,0.13417555391788483, 0.1524121794435713
A2T3T0,K,0.1611393392086029, 0.15013954705662197
A2T3T0,F,0.1397547721862793, 0.15953582359684837
A2T3T0,K,0.17630384862422943, 0.16367752022213405
A2T3T0,R,0.23227307200431824, 0.17511735359827676
A2T3T0,I,0.13971391320228577, 0.1852362702290217
A2T3T0,N,0.19012543559074402, 0.1847821076711019
A2T3T0,F,0.16207614541053772, 0.1898442788256539
A2T3T0,D,0.24049410223960876, 0.19059898455937704
A2T3T0,N,0.22524580359458923, 0.1824719574716356
A2T3T0,S,0.15705187618732452, 0.18204029235574934
A2T3T0,S,0.18531431257724762, 0.18441853920618692
A2T3T0,E,0.18309620022773743, 0.19003657003243765
A2T3T0,Y,0.15912982821464539, 0.18222257163789538
A2T3T0,I,0.1358289271593094, 0.18031599786546496
A2T3T0,E,0.2115296572446823, 0.18664243486192492
A2T3T0,N,0.21263842284679413, 0.19244644542535147
A2T3T0,W,0.17016811668872833, 0.1987099763419893
A2T3T0,N,0.20808663964271545, 0.20987854897975922
A2T3T0,L,0.21398980915546417, 0.22520687182744345
A2T3T0,Q,0.23755040764808655, 0.22746151685714722
A2T3T0,N,0.23946797847747803, 0.23436676959196726
A2T3T0,R,0.2596469819545746, 0.23715882500012717
A2T3T0,R,0.2737838327884674, 0.23299840423795912
A2T3T0,Q,0.2318214625120163, 0.22869340744283465
A2T3T0,R,0.27478569746017456, 0.22370362447367775
A2T3T0,T,0.19529661536216736, 0.21409768693976933
A2T3T0,G,0.17064285278320312, 0.20778818594084847
A2T3T0,F,0.17524483799934387, 0.19853077001041836
A2T3T0,T,0.19264236092567444, 0.19499058524767557
A2T3T0,F,0.15301454067230225, 0.18965881566206613
A2T3T0,H,0.2028614729642868, 0.18764632443586984
A2T3T0,K,0.19046708941459656, 0.18991954459084404
A2T3T0,P,0.19995979964733124, 0.19121536446942222
A2T3T0,N,0.22679977118968964, 0.19054050743579865
A2T3T0,I,0.17718419432640076, 0.19058703713946873
A2T3T0,F,0.1911018341779709, 0.1794575113389227
A2T3T0,P,0.18690721690654755, 0.17510471989711127
A2T3T0,Y,0.18656864762306213, 0.1671138960454199
A2T3T0,S,0.15343330800533295, 0.16135845333337784
A2T3T0,A,0.10269574075937271, 0.15709536522626877
A2T3T0,S,0.15129196643829346, 0.15638957338200676
A2T3T0,F,0.12804238498210907, 0.15941774431202146
A2T3T0,T,0.17500078678131104, 0.15912244965632757
A2T3T0,L,0.13881640136241913, 0.16510585695505142
A2T3T0,N,0.18474970757961273, 0.1752238240506914
A2T3T0,R,0.21416075527668, 0.17504569556978014
A2T3T0,S,0.18391099572181702, 0.18022101289696163
A2T3T0,Q,0.20728397369384766, 0.18280252483155993
A2T3T0,P,0.19375744462013245, 0.18895274731847975
A2T3T0,A,0.14968881011009216, 0.18598448236783346
A2T3T0,H,0.17462024092674255, 0.180747260649999
A2T3T0,D,0.19823439419269562, 0.1765418615606096
A2T3T0,N,0.19416840374469757, 0.17328999936580658
A2T3T0,L,0.15803532302379608, 0.1641892914970716
A2T3T0,M,0.16702575981616974, 0.16661661449405882
A2T3T0,G,0.14606240391731262, 0.16472729295492172
A2T3T0,T,0.17801721394062042, 0.16615527951055103
A2T3T0,M,0.11185107380151749, 0.15988796204328537
A2T3T0,W,0.1715347170829773, 0.160535652604368
A2T3T0,L,0.15761634707450867, 0.16078447053829828
A2T3T0,N,0.21108627319335938, 0.1685674728618728
A2T3T0,A,0.13776254653930664, 0.16045418795612124
A2T3T0,G,0.16386453807353973, 0.168841905064053
A2T3T0,S,0.16926512122154236, 0.16140038188960817
A2T3T0,E,0.21610942482948303, 0.15913690709405476
A2T3T0,I,0.1049976497888565, 0.15130622933308283
A2T3T0,Q,0.18734052777290344, 0.1545091908839014
A2T3T0,V,0.10456100851297379, 0.15590545452303356
A2T3T0,A,0.1372450739145279, 0.15366159131129584
A2T3T0,G,0.14061017334461212, 0.14737158765395483
A2T3T0,F,0.16658920049667358, 0.1513882138662868
A2T3T0,D,0.17643091082572937, 0.14636187172598308
A2T3T0,Y,0.1490703523159027, 0.15186232990688747
A2T3T0,S,0.159499391913414, 0.16269491612911224
A2T3T0,C,0.14114728569984436, 0.16245784693294102
A2T3T0,A,0.14210344851016998, 0.1666296124458313
A2T3T0,I,0.15406513214111328, 0.16658644047048357
A2T3T0,N,0.23473834991455078, 0.172907261384858
A2T3T0,A,0.13847655057907104, 0.17190657556056976
A2T3T0,P,0.20413509011268616, 0.17490808334615496
A2T3T0,A,0.1760423630475998, 0.17654507358868918
A2T3T0,N,0.20595774054527283, 0.17280418011877272
A2T3T0,I,0.15049321949481964, 0.16681466003259024
A2T3T0,Q,0.16816085577011108, 0.16405539131826824
A2T3T0,Q,0.1568363606929779, 0.15815344370073742
A2T3T0,F,0.12039709091186523, 0.1471021357509825
A2T3T0,E,0.1808326691389084, 0.13959693411986032
A2T3T0,H,0.11364313215017319, 0.13230145970980325
A2T3T0,I,0.15101756155490875, 0.1347232030497657
A2T3T0,V,0.07658059149980545, 0.13787819113996294
A2T3T0,P,0.13841092586517334, 0.13971437513828278
A2T3T0,L,0.08483394980430603, 0.1361889491478602
A2T3T0,R,0.18995654582977295, 0.1406815523902575
A2T3T0,R,0.1852312535047531, 0.14312858631213507
A2T3T0,V,0.13692274689674377, 0.14348126120037502
A2T3T0,L,0.14910383522510529, 0.14735810293091667
A2T3T0,T,0.15407656133174896, 0.14695871124664941
A2T3T0,T,0.17304086685180664, 0.14527827418512768
A2T3T0,A,0.07975466549396515, 0.13420777519543967
A2T3T0,T,0.17330250144004822, 0.14146970709164938
A2T3T0,I,0.08123942464590073, 0.1410704106092453
A2T3T0,T,0.17483261227607727, 0.14598293933603498
A2T3T0,L,0.08559676259756088, 0.14506805274221632
A2T3T0,L,0.20228013396263123, 0.1592892756064733
A2T3T0,P,0.14551016688346863, 0.1672429624531004
A2T3T0,D,0.19828931987285614, 0.17551588267087936
A2T3T0,A,0.16480688750743866, 0.17566506150696012
A2T3T0,E,0.20774567127227783, 0.18266250689824423
A2T3T0,R,0.24488568305969238, 0.17878391345342
A2T3T0,F,0.15569570660591125, 0.1851804256439209
A2T3T0,S,0.17617522180080414, 0.18002837730778587
A2T3T0,F,0.14857377111911774, 0.17966822783152261
A2T3T0,P,0.16737279295921326, 0.17918451295958626
A2T3T0,R,0.20307877659797668, 0.17132345669799381
A2T3T0,V,0.151920884847641, 0.1777955243984858
A2T3T0,I,0.16156554222106934, 0.18548603190316093
A2T3T0,N,0.20339223742485046, 0.18844303323162925
A2T3T0,S,0.1741361767053604, 0.19637861020035213
A2T3T0,A,0.21394431591033936, 0.19520491361618042
A2T3T0,D,0.24538978934288025, 0.19727023442586264
A2T3T0,G,0.17518678307533264, 0.19633261528280047
A2T3T0,A,0.23879298567771912, 0.19795196255048117
A2T3T0,T,0.1925155073404312, 0.19968880381849077
A2T3T0,T,0.17050877213478088, 0.2022991743352678
A2T3T0,W,0.15312696993350983, 0.1923041409916348
A2T3T0,F,0.21796636283397675, 0.19169727795653874
A2T3T0,F,0.1897677481174469, 0.1864046504100164
A2T3T0,N,0.2374376505613327, 0.18191651006539664
A2T3T0,P,0.1554344892501831, 0.1907027479675081
A2T3T0,V,0.16972501575946808, 0.19241211149427626
A2T3T0,I,0.19115933775901794, 0.19092089931170145
A2T3T0,L,0.15212224423885345, 0.1912876996729109
A2T3T0,R,0.24958491325378418, 0.17108313201202285
A2T3T0,P,0.16851124167442322, 0.1781454910006788
A2T3T0,N,0.20454545319080353, 0.1631583438979255
A2T3T0,N,0.1930689513683319, 0.16233611934714848
A2T3T0,V,0.05559654161334038, 0.15114066915379631
A2T3T0,E,0.21899572014808655, 0.1417016014456749
A2T3T0,V,0.03484069183468819, 0.13637704733345243
A2T3T0,E,0.18375931680202484, 0.13327800151374605
A2T3T0,F,0.05136319249868393, 0.12377221137285233
A2T3T0,L,0.16463330388069153, 0.1419838679333528
A2T3T0,L,0.12059025466442108, 0.13992652917901674
A2T3T0,N,0.17665404081344604, 0.15104920748207304
A2T3T0,G,0.10751684010028839, 0.15561600112252766
A2T3T0,Q,0.21950145065784454, 0.16747380958663094
A2T3T0,I,0.2004796713590622, 0.16673273841540018
A2T3T0,I,0.13494479656219482, 0.17982151938809288
A2T3T0,N,0.22486045956611633, 0.171450384789043
A2T3T0,T,0.1580834686756134, 0.18883612751960754
A2T3T0,Y,0.15796366333961487, 0.18594378067387474
A2T3T0,Q,0.2383892834186554, 0.18464898731973436
A2T3T0,A,0.10131382942199707, 0.19226817455556658
A2T3T0,R,0.26398852467536926, 0.18333601454893747
A2T3T0,F,0.1934703290462494, 0.18607491585943434
A2T3T0,G,0.1888265311717987, 0.178286322289043
A2T3T0,T,0.20351748168468475, 0.17855596542358398
A2T3T0,I,0.14447101950645447, 0.18858743872907427
A2T3T0,V,0.18273358047008514, 0.1773245847887463
A2T3T0,A,0.08786632120609283, 0.1748524953921636
A2T3T0,R,0.24081607162952423, 0.16769328382280138
A2T3T0,N,0.1915970891714096, 0.14996158497201073
A2T3T0,F,0.1626228392124176, 0.15471064464913475
A2T3T0,D,0.171221524477005, 0.13856419920921326
A2T3T0,T,0.12439362704753876, 0.14438486927085453
A2T3T0,I,0.04393219202756882, 0.12555831836329567
A2T3T0,R,0.18721255660057068, 0.1285450127389696
A2T3T0,L,0.03741557151079178, 0.12247794369856517
A2T3T0,S,0.14025235176086426, 0.1289320190747579
A2T3T0,F,0.07137711346149445, 0.14401486350430381
A2T3T0,Q,0.21847733855247498, 0.1648670029309061
A2T3T0,L,0.10801921784877777, 0.1725263852212164
A2T3T0,M,0.22930820286273956, 0.19903042746914756
A2T3T0,R,0.26013922691345215, 0.20659539103507996
A2T3T0,P,0.23160144686698914, 0.22735575007067788
A2T3T0,P,0.25614699721336365, 0.2292507274283303
A2T3T0,N,0.27595195174217224, 0.24087339639663696
A2T3T0,M,0.20833702385425568, 0.2364063428507911
A2T3T0,T,0.2582203447818756, 0.22803693347507054
A2T3T0,P,0.23553213477134705, 0.22965382205115425
A2T3T0,A,0.2126232385635376, 0.22732412649525535
A2T3T0,V,0.18910472095012665, 0.22127110097143385
A2T3T0,A,0.18481454253196716, 0.22436516649193233
A2T3T0,V,0.24615344405174255, 0.22647983663611942
A2T3T0,L,0.23517973721027374, 0.21919942564434475
A2T3T0,F,0.22147472202777863, 0.22144843141237894
A2T3T0,P,0.23618361353874207, 0.22352777255905998
A2T3T0,N,0.2772523760795593, 0.22235845691627926
A2T3T0,A,0.17000843584537506, 0.2204373362991545
A2T3T0,Q,0.23286429047584534, 0.20971036619610256
A2T3T0,P,0.20781879127025604, 0.2068341788318422
A2T3T0,F,0.1742907017469406, 0.19297540022267234
A2T3T0,E,0.22886335849761963, 0.18158834510379368
A2T3T0,H,0.1386370062828064, 0.17147128283977509
A2T3T0,H,0.19558903574943542, 0.1639250765244166
A2T3T0,A,0.11145460605621338, 0.14848589400450388
A2T3T0,T,0.17476888000965118, 0.14572638438807595
A2T3T0,V,0.07895487546920776, 0.12537199921078152
A2T3T0,G,0.16494843363761902, 0.13445807496706644
A2T3T0,L,0.06886614859104156, 0.12061305344104767
A2T3T0,T,0.14945511519908905, 0.1364117744896147
A2T3T0,L,0.04567389190196991, 0.12944641792111927
A2T3T0,R,0.22041168808937073, 0.13552993949916628
A2T3T0,I,0.07098384201526642, 0.13321110523409313
A2T3T0,E,0.25364309549331665, 0.13910489032665888
A2T3T0,S,0.11208067089319229, 0.14563005748722288
A2T3T0,A,0.13370656967163086, 0.1546454057097435
A2T3T0,V,0.14407892525196075, 0.14407484647300509
A2T3T0,C,0.1219102144241333, 0.1501990200744735
A2T3T0,E,0.20818161964416504, 0.13411935170491537
A2T3T0,S,0.12681202590465546, 0.1412162242664231
A2T3T0,V,0.12527665495872498, 0.1385853108432558
A2T3T0,L,0.12610140442848206, 0.13765176137288412
A2T3T0,A,0.10892608016729355, 0.1446983449988895
A2T3T0,D,0.17595252394676208, 0.1368025475078159
A2T3T0,A,0.11002834886312485, 0.13483642621172798
A2T3T0,S,0.13567698001861572, 0.1394414280851682
A2T3T0,E,0.18532946705818176, 0.13764212197727627
A2T3T0,T,0.13711944222450256, 0.14328763799534905
A2T3T0,L,0.10911693423986435, 0.13579950481653214
A2T3T0,L,0.1667216718196869, 0.14381607870260874
A2T3T0,A,0.10990764945745468, 0.1439521544509464
A2T3T0,N,0.15973572432994843, 0.13738204538822174
A2T3T0,V,0.10855932533740997, 0.14602988130516475
A2T3T0,T,0.18217751383781433, 0.1521316228641404
A2T3T0,S,0.13690166175365448, 0.1547535335024198
A2T3T0,V,0.12619848549365997, 0.15994372798336876
A2T3T0,R,0.21494996547698975, 0.15863726867569816
A2T3T0,Q,0.16403260827064514, 0.1600750767522388
A2T3T0,E,0.19031886756420135, 0.15970891382959154
A2T3T0,Y,0.15661939978599548, 0.16045508285363516
A2T3T0,A,0.14797759056091309, 0.1649295041958491
A2T3T0,I,0.12149959802627563, 0.15974144472016227
A2T3T0,P,0.17888204753398895, 0.16115391585561964
A2T3T0,V,0.143617182970047, 0.1593809425830841
A2T3T0,G,0.1664682775735855, 0.16116175221072304
A2T3T0,P,0.1682574301958084, 0.16911358634630838
A2T3T0,V,0.17674484848976135, 0.17706011401282418
A2T3T0,F,0.17436210811138153, 0.17739456395308176
A2T3T0,P,0.1726466864347458, 0.18338644007841745
A2T3T0,P,0.21954409778118134, 0.18253974119822183
A2T3T0,G,0.1930183470249176, 0.18493061264355978
A2T3T0,M,0.18189209699630737, 0.18064647912979126
A2T3T0,N,0.19754406809806824, 0.17423829436302185
A2T3T0,W,0.15884798765182495, 0.17096011009481218
A2T3T0,T,0.1897752732038498, 0.16622987555132973
A2T3T0,D,0.13818764686584473, 0.16503584881623587
A2T3T0,L,0.11668844521045685, 0.16240380869971383
A2T3T0,I,0.14314302802085876, 0.1598760419421726
A2T3T0,T,0.17697198688983917, 0.16204128828313616
A2T3T0,N,0.18227210640907288, 0.15955422818660736
A2T3T0,Y,0.15820373594760895, 0.17061008512973785
A2T3T0,S,0.17479416728019714, 0.18179573118686676
A2T3T0,P,0.17833520472049713, 0.1876945181025399
A2T3T0,S,0.16739173233509064, 0.1890097310145696
A2T3T0,R,0.23769035935401917, 0.18668492138385773
A2T3T0,E,0.217359259724617, 0.18984820445378622
A2T3T0,D,0.19623211026191711, 0.19059009850025177
A2T3T0,N,0.18880890309810638, 0.18394900444481108
A2T3T0,L,0.16134881973266602, 0.17997739298476112
A2T3T0,Q,0.18667328357696533, 0.1682871753970782
A2T3T0,R,0.18147121369838715, 0.15636517852544785
A2T3T0,V,0.11856535822153091, 0.14691215670771068
A2T3T0,F,0.1316472291946411, 0.1395248778992229
A2T3T0,T,0.13247840106487274, 0.1306046967705091
A2T3T0,V,0.11006128787994385, 0.13055186553133857
A2T3T0,A,0.11115491390228271, 0.12297025322914124
A2T3T0,S,0.12232339382171631, 0.11888183156649272
A2T3T0,I,0.08106718957424164, 0.11651911172601911
A2T3T0,R,0.18619780242443085, 0.11345720042785008
A2T3T0,S,0.11323670297861099, 0.11427166644069883
A2T3T0,M,0.08176956325769424, 0.10192112045155631
A2T3T0,L,0.11038275063037872, 0.08832963224914339
A2T3T0,I,0.10492119938135147, 0.07932216674089432
A2T3T0,K,0.11739148199558258, 0.05863352202706867
F0V2I4,M,0.16013716161251068, 0.05940972020228704
F0V2I4,T,0.13479243218898773, 0.060270109524329506
F0V2I4,I,0.11006432771682739, 0.06117758837838968
F0V2I4,H,0.05561915785074234, 0.0618723596756657
F0V2I4,K,0.0740744024515152, 0.0640282832706968
F0V2I4,V,0.007743503898382187, 0.04824736021045181
F0V2I4,A,0.008167309686541557, 0.03461367730051279
F0V2I4,I,0.0062529416754841805, 0.026775815524160862
F0V2I4,N,0.019403312355279922, 0.03281891439110041
F0V2I4,G,0.018108854070305824, 0.02649623704039388
F0V2I4,F,0.012089285999536514, 0.026952714866234198
F0V2I4,G,0.039523571729660034, 0.030399500185416803
F0V2I4,R,0.11000704765319824, 0.033758199877209134
F0V2I4,I,0.01717030629515648, 0.032393967215385705
F0V2I4,G,0.011851804330945015, 0.03237485440654887
F0V2I4,R,0.03918837755918503, 0.03733053979360395
F0V2I4,L,0.03648123890161514, 0.03710416714764304
F0V2I4,L,0.007125218398869038, 0.026400007721450593
F0V2I4,F,0.017936838790774345, 0.030449820061524708
F0V2I4,R,0.05669045448303223, 0.039143381640315056
F0V2I4,N,0.03748621791601181, 0.04028207456900014
F0V2I4,L,0.013669612817466259, 0.04631009842786524
F0V2I4,L,0.05361861735582352, 0.052880758316152625
F0V2I4,S,0.09009385854005814, 0.052638620862530336
F0V2I4,S,0.04943661391735077, 0.056679559147192374
F0V2I4,Q,0.09073345363140106, 0.05399005156424311
F0V2I4,G,0.0662611573934555, 0.05511445872899559
F0V2I4,V,0.015757601708173752, 0.05019824724230501
F0V2I4,Q,0.09305889904499054, 0.041185885253879756
F0V2I4,V,0.013280649669468403, 0.0370319030351109
F0V2I4,V,0.02378927730023861, 0.0295172327508529
F0V2I4,A,0.009372713975608349, 0.02502900341318713
F0V2I4,V,0.008982600644230843, 0.026524648691217106
F0V2I4,N,0.012050773948431015, 0.02188973894549741
F0V2I4,D,0.02310142107307911, 0.026077955236865416
F0V2I4,V,0.025867093354463577, 0.03505961048520274
F0V2I4,V,0.029218409210443497, 0.040797479864623815
F0V2I4,D,0.05134471133351326, 0.04209970517290963
F0V2I4,I,0.05097459629178047, 0.04592512589361933
F0V2I4,K,0.1046241745352745, 0.05109852490325769
F0V2I4,V,0.061013538390398026, 0.05040314110616843
F0V2I4,L,0.020702628418803215, 0.04902923707332876
F0V2I4,T,0.04647956043481827, 0.0559340315974421
F0V2I4,H,0.06966201215982437, 0.06088370684948233
F0V2I4,L,0.019608639180660248, 0.05622993347545465
F0V2I4,L,0.016853272914886475, 0.05602136357790894
F0V2I4,V,0.1134878620505333, 0.06404229212138388
F0V2I4,Y,0.09552167356014252, 0.06864167542921172
F0V2I4,D,0.06274021416902542, 0.06626919201678699
F0V2I4,S,0.05913640931248665, 0.07344060349795553
F0V2I4,A,0.09289098531007767, 0.07942209848099285
F0V2I4,Q,0.08787401020526886, 0.07792568330963452
F0V2I4,G,0.04830966144800186, 0.07755690606104003
F0V2I4,K,0.08415134251117706, 0.07756220921874046
F0V2I4,L,0.07068672776222229, 0.08433734956714842
F0V2I4,K,0.10002012550830841, 0.0772349052131176
F0V2I4,D,0.09220267832279205, 0.07662366620368427
F0V2I4,W,0.06278794258832932, 0.07800376663605373
F0V2I4,E,0.12011267244815826, 0.08401091314024395
F0V2I4,V,0.028968986123800278, 0.09004399759901895
F0V2I4,S,0.08237285912036896, 0.0942729620469941
F0V2I4,C,0.06073056533932686, 0.09874500748183992
F0V2I4,D,0.13821566104888916, 0.09366835384733146
F0V2I4,S,0.1249844878911972, 0.0912548897580968
F0V2I4,E,0.13808080554008484, 0.090082925847835
F0V2I4,Y,0.13245108723640442, 0.0920650584416257
F0V2I4,I,0.017098059877753258, 0.09643080851270093
F0V2I4,R,0.09839149564504623, 0.09852717837525739
F0V2I4,L,0.018421310931444168, 0.10857046167883608
F0V2I4,K,0.10021205246448517, 0.11413373570475313
F0V2I4,N,0.1000223159790039, 0.11569338395363754
F0V2I4,V,0.15708298981189728, 0.13699681353237894
F0V2I4,N,0.21537403762340546, 0.1456983093586233
F0V2I4,T,0.18815027177333832, 0.1593995773129993
F0V2I4,G,0.14648792147636414, 0.1722099350558387
F0V2I4,E,0.20882892608642578, 0.16565447176496187
F0V2I4,V,0.17670495808124542, 0.16721444618370798
F0V2I4,R,0.14173272252082825, 0.1463832888338301
F0V2I4,E,0.21550527215003967, 0.1310093713303407
F0V2I4,V,0.041023146361112595, 0.12530996526281038
F0V2I4,R,0.17112275958061218, 0.11149600934651163
F0V2I4,V,0.02789362147450447, 0.10620319967468579
F0V2I4,F,0.04978501424193382, 0.10115491309099728
F0V2I4,N,0.09519326686859131, 0.08998417398995823
F0V2I4,F,0.08450332283973694, 0.0997542134589619
F0V2I4,N,0.12906967103481293, 0.09147505462169647
F0V2I4,T,0.09629814326763153, 0.0963652411268817
F0V2I4,E,0.11496862024068832, 0.10373691883352068
F0V2I4,K,0.1289535015821457, 0.09871725324127409
F0V2I4,I,0.09661033004522324, 0.10093256086111069
F0V2I4,Y,0.07190530002117157, 0.10289866146114138
F0V2I4,H,0.11613011360168457, 0.09746090819438298
F0V2I4,W,0.05001627653837204, 0.09813394811418322
F0V2I4,G,0.1044410914182663, 0.08572358596656057
F0V2I4,E,0.1467645764350891, 0.0830916195280022
F0V2I4,L,0.04735836386680603, 0.07636974938213825
F0V2I4,E,0.12102597951889038, 0.06444884722845422
F0V2I4,I,0.017260242253541946, 0.059737749190794096
F0V2I4,D,0.07292263209819794, 0.05169782725473245
F0V2I4,C,0.011408468708395958, 0.036909487512376576
F0V2I4,V,0.00884199421852827, 0.03559643692440457
F0V2I4,V,0.0076163941994309425, 0.027431234303447936
F0V2I4,E,0.03208179399371147, 0.03586751553747389
F0V2I4,C,0.013669518753886223, 0.03394091212087207
F0V2I4,S,0.03554090857505798, 0.043956405793627105
F0V2I4,G,0.047539155930280685, 0.04984905643181668
F0V2I4,R,0.09318677335977554, 0.05786334868106577
F0V2I4,F,0.055583201348781586, 0.06831298540863726
F0V2I4,L,0.10154791176319122, 0.07119222440653378
F0V2I4,T,0.0618758499622345, 0.06947900023725298
F0V2I4,K,0.07974502444267273, 0.07408163572351138
F0V2I4,E,0.12612852454185486, 0.06976912046472232
F0V2I4,A,0.039582669734954834, 0.06550375827484661
F0V2I4,V,0.020121891051530838, 0.059861070993873805
F0V2I4,K,0.08896287530660629, 0.0640550044675668
F0V2I4,C,0.05437413603067398, 0.060219880607393056
F0V2I4,H,0.017194941639900208, 0.051407288346025676
F0V2I4,L,0.050763726234436035, 0.04862029798742798
F0V2I4,D,0.0996212512254715, 0.05642739590257406
F0V2I4,A,0.04522890970110893, 0.0516117884674006
F0V2I4,G,0.04681519418954849, 0.047104956271747746
F0V2I4,A,0.014499756507575512, 0.046330217789444655
F0V2I4,Q,0.09038577228784561, 0.04225549132873615
F0V2I4,K,0.045622408390045166, 0.03309009400092893
F0V2I4,V,0.013812646269798279, 0.029873596607810922
F0V2I4,L,0.010222295299172401, 0.02967606929855214
F0V2I4,I,0.014091188088059425, 0.031845750080214605
F0V2I4,S,0.017132675275206566, 0.03187200427055359
F0V2I4,A,0.016280433163046837, 0.03553865518834856
F0V2I4,P,0.04503744840621948, 0.04107158134380976
F0V2I4,A,0.03402688354253769, 0.04433270854254564
F0V2I4,K,0.09062206000089645, 0.04886094687713517
F0V2I4,D,0.07862226665019989, 0.05071657833953699
F0V2I4,D,0.06360898166894913, 0.050896761318047844
F0V2I4,T,0.03957244008779526, 0.048127294414573245
F0V2I4,K,0.054845333099365234, 0.048799033794138164
F0V2I4,T,0.03383335843682289, 0.04364417865872383
F0V2I4,V,0.017902079969644547, 0.03753289394080639
F0V2I4,V,0.02011224627494812, 0.035206039539641805
F0V2I4,Y,0.04007253795862198, 0.03893642272386286
F0V2I4,N,0.044228363782167435, 0.0439033688356479
F0V2I4,V,0.02362070418894291, 0.05060496201945676
F0V2I4,N,0.042667292058467865, 0.053046020989616714
F0V2I4,H,0.07314588874578476, 0.05871156416833401
F0V2I4,T,0.0995478481054306, 0.06615665699872705
F0V2I4,Q,0.0941476970911026, 0.07387919330762492
F0V2I4,I,0.03987161070108414, 0.07803508225414488
F0V2I4,T,0.07110213488340378, 0.08052053136958016
F0V2I4,S,0.10707837343215942, 0.0742159630689356
F0V2I4,S,0.11373119056224823, 0.06488447977850835
F0V2I4,D,0.06102370470762253, 0.056321612352298364
F0V2I4,N,0.0650363340973854, 0.05362991336733103
F0V2I4,V,0.01640477403998375, 0.0468430793326762
F0V2I4,I,0.015564498491585255, 0.03672946316914426
F0V2I4,S,0.017081890255212784, 0.026356556866731908
F0V2I4,G,0.015646319836378098, 0.021366556795934837
F0V2I4,A,0.010020628571510315, 0.015113496014641391
F0V2I4,S,0.01605582796037197, 0.014562665381365351
F0V2I4,C,0.02037503384053707, 0.013396997211707963
F0V2I4,T,0.016113704070448875, 0.012065196099380652
F0V2I4,T,0.0087587870657444, 0.01164629062016805
F0V2I4,N,0.011447298340499401, 0.013276353892352846
F0V2I4,A,0.005073484964668751, 0.012155389258017143
F0V2I4,L,0.005095680244266987, 0.010849152536441883
F0V2I4,A,0.01187617052346468, 0.014674544075710906
F0V2I4,P,0.024691198021173477, 0.01704152026731107
F0V2I4,I,0.005967146251350641, 0.016697244563450415
F0V2I4,V,0.00861890334635973, 0.02125682221311662
F0V2I4,K,0.05054222792387009, 0.032583636386940874
F0V2I4,I,0.030061572790145874, 0.03925379215636187
F0V2I4,I,0.008348817005753517, 0.03965856791991326
F0V2I4,H,0.04610968381166458, 0.04421702203237348
F0V2I4,R,0.1070370078086853, 0.0454000077313847
F0V2I4,K,0.07190757244825363, 0.048762670821613736
F0V2I4,F,0.028334179893136024, 0.053547586831781596
F0V2I4,G,0.046993233263492584, 0.05390032546387778
F0V2I4,I,0.01926577463746071, 0.05239926651120186
F0V2I4,N,0.0808061957359314, 0.041985201442407236
F0V2I4,S,0.07312581688165665, 0.03603715542703867
F0V2I4,G,0.011523464694619179, 0.03452983208828502
F0V2I4,F,0.03260015323758125, 0.031044434135158856
F0V2I4,M,0.01331042218953371, 0.034473837870690555
F0V2I4,T,0.018375158309936523, 0.02829061158829265
F0V2I4,T,0.014768269844353199, 0.023439925784866016
F0V2I4,V,0.015624651685357094, 0.026690160234769184
F0V2I4,H,0.05013040825724602, 0.027849501619736355
F0V2I4,A,0.025157159194350243, 0.03592397924512625
F0V2I4,F,0.029469644650816917, 0.0416234978992078
F0V2I4,T,0.04077557474374771, 0.05536174298160606
F0V2I4,S,0.04303422570228577, 0.06270203573836221
F0V2I4,D,0.08598072081804276, 0.06878312718537119
F0V2I4,Q,0.06967082619667053, 0.0795928593724966
F0V2I4,R,0.1384124755859375, 0.0862815413210127
F0V2I4,L,0.08168728649616241, 0.09469477749533123
F0V2I4,Q,0.10486023128032684, 0.10042291796869701
F0V2I4,D,0.122444748878479, 0.09861616790294647
F0V2I4,S,0.08966778218746185, 0.09867416405015522
F0V2I4,P,0.11649470031261444, 0.0927879653043217
F0V2I4,H,0.09458748996257782, 0.09368734641207589
F0V2I4,S,0.06971997022628784, 0.0893039314283265
F0V2I4,D,0.07019279152154922, 0.07790951617062092
F0V2I4,L,0.08543668687343597, 0.0741781039784352
F0V2I4,R,0.08978171646595001, 0.06426020173562898
F0V2I4,R,0.06540949642658234, 0.05565829988982943
F0V2I4,A,0.01989501155912876, 0.05018734000623226
F0V2I4,R,0.056085072457790375, 0.04820931392411391
F0V2I4,A,0.027233580127358437, 0.042089877650141716
F0V2I4,A,0.01717037335038185, 0.03530622791084978
F0V2I4,A,0.020481331273913383, 0.032570069241854877
F0V2I4,G,0.052390556782484055, 0.03729438823130396
F0V2I4,S,0.030361760407686234, 0.0385699723329809
F0V2I4,I,0.028728868812322617, 0.042060923452178635
F0V2I4,I,0.040784068405628204, 0.0484108409533898
F0V2I4,P,0.062413882464170456, 0.05353974882099363
F0V2I4,T,0.06756532937288284, 0.04897972154948446
F0V2I4,T,0.05865214020013809, 0.047516163852479726
F0V2I4,T,0.07431963086128235, 0.049784122655789055
F0V2I4,G,0.06664150208234787, 0.047035053165422544
F0V2I4,A,0.01135031133890152, 0.040919028119080596
F0V2I4,A,0.017189741134643555, 0.037660941378109984
F0V2I4,A,0.04914049804210663, 0.040037932391795844
F0V2I4,A,0.016042442992329597, 0.033595816439224616
F0V2I4,I,0.007369657047092915, 0.02863883278850052
F0V2I4,G,0.03824254870414734, 0.035765675724380545
F0V2I4,R,0.08004505932331085, 0.04688736765335003
F0V2I4,V,0.01634058728814125, 0.044578792009916574
F0V2I4,I,0.022028649225831032, 0.061371049429807395
F0V2I4,P,0.07549189776182175, 0.06963896482355064
F0V2I4,E,0.11728496849536896, 0.07721213313440482
F0V2I4,L,0.028363317251205444, 0.07037321850657463
F0V2I4,N,0.16717275977134705, 0.07531434959835476
F0V2I4,G,0.08178089559078217, 0.07401588279753923
F0V2I4,K,0.10640106350183487, 0.06904646495564117
F0V2I4,L,0.018494827672839165, 0.058046693085796304
F0V2I4,D,0.060810767114162445, 0.058250846858653754
F0V2I4,G,0.010342448018491268, 0.0523016799448265
F0V2I4,I,0.030767137184739113, 0.04667903244909313
F0V2I4,A,0.018287021666765213, 0.04282359954797559
F0V2I4,H,0.03020070120692253, 0.04662106175803476
F0V2I4,R,0.1136302575469017, 0.04869452356878254
F0V2I4,V,0.031177068129181862, 0.05327637824747297
F0V2I4,P,0.07170216739177704, 0.053095692975653544
F0V2I4,V,0.05267198756337166, 0.05405930719441838
F0V2I4,L,0.07947192341089249, 0.05345666284362475
F0V2I4,T,0.05157914012670517, 0.04209476926674446
F0V2I4,G,0.02914096973836422, 0.04297209272368087
F0V2I4,S,0.026959549635648727, 0.03574410857011875
F0V2I4,L,0.024776902049779892, 0.03228623140603304
F0V2I4,V,0.011373215354979038, 0.024500976627071697
F0V2I4,D,0.03907297924160957, 0.02441975163916747
F0V2I4,L,0.006650310009717941, 0.02451330175002416
F0V2I4,C,0.021551093086600304, 0.0311684546371301
F0V2I4,L,0.009404630400240421, 0.04176676024993261
F0V2I4,K,0.05084811523556709, 0.0521988147455785
F0V2I4,I,0.029982920736074448, 0.0541665553011828
F0V2I4,N,0.0868559256196022, 0.063630780722532
F0V2I4,K,0.12016165256500244, 0.06759357752485408
F0V2I4,S,0.10526170581579208, 0.08143800124526024
F0V2I4,V,0.056782644242048264, 0.08772327502568562
F0V2I4,S,0.09182833880186081, 0.08542801232801543
F0V2I4,A,0.05721626430749893, 0.07993923417396015
F0V2I4,E,0.13400444388389587, 0.08503927745752865
F0V2I4,E,0.1074155792593956, 0.07659176633589798
F0V2I4,I,0.009325556457042694, 0.07148775913649136
F0V2I4,N,0.037456922233104706, 0.0735865438150035
F0V2I4,E,0.16606204211711884, 0.08307345004545318
F0V2I4,A,0.029234105721116066, 0.07224087789654732
F0V2I4,I,0.010846579447388649, 0.06770830560061666
F0V2I4,K,0.11071740090847015, 0.07531192029515903
F0V2I4,D,0.14259842038154602, 0.07982452089587848
F0V2I4,G,0.036511294543743134, 0.06640030609236823
F0V2I4,E,0.06662242859601974, 0.06710510845813486
F0V2I4,N,0.07775808870792389, 0.07352383641733064
F0V2I4,E,0.07807032763957977, 0.06767711374494764
F0V2I4,T,0.04524410888552666, 0.06060094800260332
F0V2I4,L,0.03557732701301575, 0.07204324255386989
F0V2I4,A,0.0686151310801506, 0.07836151040262646
F0V2I4,Y,0.05809689685702324, 0.07946415742238362
F0V2I4,V,0.07891292870044708, 0.07728680926892492
F0V2I4,E,0.1394919455051422, 0.08037588828139836
F0V2I4,D,0.12348683923482895, 0.08442970116933186
F0V2I4,P,0.08768191188573837, 0.08436246547434065
F0V2I4,I,0.05847419425845146, 0.08961888526876767
F0V2I4,V,0.07304581999778748, 0.08638158233629332
F0V2I4,S,0.07206164300441742, 0.08164950501587656
F0V2I4,A,0.06801000982522964, 0.0800890280968613
F0V2I4,D,0.10540467500686646, 0.08285446092486382
F0V2I4,I,0.04977720230817795, 0.08521189623408848
F0V2I4,I,0.0969032496213913, 0.08615220917595758
F0V2I4,G,0.10944254696369171, 0.08086003176867962
F0V2I4,D,0.11257080733776093, 0.07618315310941802
F0V2I4,T,0.07969111204147339, 0.06682638285888566
F0V2I4,H,0.08150863647460938, 0.06313665832082431
F0V2I4,G,0.024432046338915825, 0.05656100933750471
F0V2I4,S,0.025918101891875267, 0.047837811004784375
F0V2I4,V,0.021193742752075195, 0.043743461991349854
F0V2I4,F,0.016569681465625763, 0.04258273272878594
F0V2I4,D,0.03772240877151489, 0.03548741195764807
F0V2I4,S,0.030933761969208717, 0.041555338849624
F0V2I4,S,0.07572166621685028, 0.04348671415613757
F0V2I4,L,0.06924454867839813, 0.04719387677808603
F0V2I4,T,0.017650749534368515, 0.05699165268904633
F0V2I4,K,0.07904338836669922, 0.06348714749846193
F0V2I4,V,0.043300479650497437, 0.06731897675328785
F0V2I4,L,0.05455820634961128, 0.06683130148384306
F0V2I4,P,0.1047496646642685, 0.06038214825093746
F0V2I4,T,0.09618186205625534, 0.061838711922367416
F0V2I4,G,0.0654202252626419, 0.05402238294482231
F0V2I4,E,0.07133258879184723, 0.05250453783406152
F0V2I4,V,0.011202169582247734, 0.04735496350460582
F0V2I4,K,0.030759822577238083, 0.040569153510861926
F0V2I4,L,0.008696427568793297, 0.03311374204026328
F0V2I4,Y,0.029639873653650284, 0.03066624618238873
F0V2I4,A,0.00821203738451004, 0.02866204082965851
F0V2I4,W,0.043677374720573425, 0.03201160103910499
F0V2I4,Y,0.02908315882086754, 0.03250645618471834
F0V2I4,D,0.043392762541770935, 0.032637165031499334
F0V2I4,N,0.05329474061727524, 0.03224768303334713
F0V2I4,E,0.04134821146726608, 0.03229247654477755
F0V2I4,S,0.035213518887758255, 0.029833942237827513
F0V2I4,S,0.009872807189822197, 0.02846929824186696
F0V2I4,Y,0.026134535670280457, 0.024485050183203485
F0V2I4,V,0.008615178987383842, 0.02069513810177644
F0V2I4,N,0.02155056595802307, 0.02133899161385165
F0V2I4,Q,0.016801362857222557, 0.01841837405744526
F0V2I4,L,0.007534530013799667, 0.018440937002499897
F0V2I4,A,0.01918553188443184, 0.022956182559331257
F0V2I4,R,0.04714289307594299, 0.02924742570353879
F0V2I4,T,0.008927960880100727, 0.03032962005171511
F0V2I4,L,0.01007587369531393, 0.03390415757894516
F0V2I4,K,0.0667717456817627, 0.040204511334498726
F0V2I4,Y,0.06523636728525162, 0.04439846219287978
F0V2I4,Y,0.031290315091609955, 0.03916036296221945
F0V2I4,I,0.048972200602293015, 0.03816836730887493
F0V2I4,S,0.06423771381378174, 0.037048825787173376
F0V2I4,L,0.056931089609861374, 0.02962974293364419